id,atom_id,date,type,title,target,structure,hook,status,assigned_layer
content_20260503_001,atom_20260503_004,2026-05-03,note-article,Claude Codeで最初の1万円を稼ぐ5ステップ【会社員が副業で実現した方法】,副業に興味はあるがどこから始めればいいか分からない会社員,はじめに;Step1：環境構築;Step2：最初の案件の取り方;Step3：1万円を達成するまでの動き方;Step4：継続するための仕組み;まとめ・次のアクション,「副業で稼ぐって言うけど、最初の1万円が一番難しい」と思っていた。Claude Codeを使い始めて90日で突破した方法を全部書く。,qa-passed,5
content_20260503_002,atom_20260503_005,2026-05-03,x-post,会社員しながら副業している人へ。私が今の働き方を選んだ理由,昼間は会社員として働きながら夜・休日にAI副業をしている人,単発ツイート,平日は会社員。夜はClaude Codeで副業。この生活を選んだ理由を話す。,qa-passed,5
content_20260524_001,,2026-05-24,note-article,Claude Codeはターミナルで使うな。Cursorで使え。,Claude Codeを使い始めたが環境が整わず作業効率が悪いと感じている初心者,はじめに;ターミナル単体の問題;Cursorとは;Step1〜5（インストール〜起動）;よく使うショートカット;まとめ,ターミナルだけで作業すると「Claudeが何を作ったのか」がリアルタイムで見えない。Cursorを使った瞬間に解決する。,published,5
content_20260526_001,,2026-05-26,note-article,Claude Code自動化で副業の作業時間を週5時間に減らした方法,毎日の作業量が多くて副業が続かないと感じている会社員,はじめに;自動化前の状態（週何時間かかっていたか）;自動化した3つの仕組み;実際の1週間のスケジュール;まとめ・今日からできること,「副業は続けたいけど、時間が足りない」と思っていた。Claude Codeで仕組みを作ったら週5時間で回るようになった。,created-note,3
content_20260528_001,atom_20260528_002,2026-05-28,note-article,2026年後半がAI副業を始める最後のチャンスだと思う理由,副業に興味はあるがまだ動き出せていない会社員,はじめに;なぜ2026年後半が重要なのか;コモディティ化が進む具体的な兆候;今動いている人と動いていない人の差;まず今週やること1つ,AIで稼ぐ方法を調べているあなたへ。検索している間にも、先に動いた人との差は広がっている。,published,5
content_20260528_002,atom_20260528_004,2026-05-28,note-article,AIでコードを50%以上書いている人は月単価が10万円高い【フリーランス市場の現実】,フリーランス転向や副業単価アップを狙っている会社員・エンジニア,はじめに;フリーランス市場の二極化データ;AI活用度が高い人の具体的な使い方;月単価+10万円につながる3つの習慣;まとめ・今日からできること,同じ作業をしているのに月収が10万円違う。その差はAIの使い方1つだった。,rejected,2
content_20260528_003,atom_20260528_003,2026-05-28,note-article,AIエージェントに仕事を丸投げして私が「管理だけ」をする生活になった話,副業の作業時間を減らしたい・仕組みで稼ぎたい会社員,はじめに;AIエージェント管理者とは何か;実際に自動化した3つの業務;1週間のリアルなスケジュール;まとめ・自分でも再現できるか,副業の作業を全部AIに任せたら、私の仕事は毎朝5分の承認だけになった。,rejected,2
content_20260528_004,atom_20260528_002,2026-05-28,x-post,2026年後半AI副業コモディティ化警告,コモディティ化が来る前に動く必要性を伝えるX投稿,単発ツイート;フック型,2026年後半、AI副業を始めていない人は手遅れになるかもしれない。,published,5
content_20260528_005,atom_20260528_004,2026-05-28,x-post,AIコード活用度と月収の相関,AI活用度と収入の相関を数字で示すX投稿,単発ツイート;フック型,AIでコードを書かせてる人と書かせてない人で、月収が10万円違う。,rejected,2
content_20260530_001,atom_20260530_001,2026-05-30,note-article,Claude Code Routinesを設定したら副業の記事生成が寝ている間に終わるようになった,副業を始めたいが時間がない会社員・Claude Codeを使っているが手作業が多い人,はじめに;Routinesとは何か;副業で設定した3つのRoutines;実際の1週間のスケジュール;まとめ・今日すぐ設定できること,副業のために毎晩2時間作業していた。Routinesを設定した翌日から、朝起きたら記事の下書きができていた。,ready-to-publish,5
content_20260530_002,atom_20260530_006,2026-05-30,x-post,Claude Code Proレート制限2倍・ピーク時制限撤廃の告知,Claude Code Proユーザー・副業でClaude Codeを使っている会社員,単発ツイート;フック型,Claude CodeのProプランのレート制限が2倍になった。これ知らない人、損してる。,ready-to-publish,5
content_20260531_001,atom_20260531_004,2026-05-31,note-article,非エンジニアがClaude Code副業3ヶ月で受注14万円を達成した話（失敗5回の内訳全公開）,Claude Codeで副業を始めたいが失敗を恐れている会社員,はじめに;3ヶ月の全記録と失敗5回の内訳;転換点になった行動;時給2600円の現実（良い面と悪い面）;今から始める人へのアドバイス,副業で稼げなかった話こそ参考になる。3ヶ月54時間・失敗5回・受注14万円の全部を包み隠さず書く。,pending-approval,3
content_20260531_002,atom_20260531_002,2026-05-31,note-article,コードを1行も書かずにClaude Coworkで月6万円稼ぐ副業の全ステップ,プログラミングができないので副業を諦めていた会社員,はじめに（Claude Coworkとは何か）;コードなしで月6万円が現実になる理由;具体的な案件の取り方と単価;実際の1週間の作業スケジュール;まとめ・今すぐ試せること,「プログラミングができないと稼げない」は2026年は嘘だ。Claude Coworkを使えばコード不要で月6万円が現実になる。,pending-approval,3
content_20260531_003,atom_20260530_004,2026-05-31,note-article,AIエージェント実行課金ビジネスで利益率90%が出る理由と副業への応用,副業で高利益率のビジネスモデルを探している会社員,はじめに（なぜ今チャンスか）;LLMコスト85%下落の意味;AIエージェント課金ビジネスの仕組み;副業月収100万円への道筋;最初の一歩,LLMコストが2024年比85%下落した。AIエージェントで処理を売るだけで利益率70〜90%が出る時代が来た。,pending-approval,3
content_20260531_004,atom_20260531_001,2026-05-31,x-post,バックグラウンドエージェント安定化で並列AI副業が実用段階に,Claude Code Proを使っている副業会社員,単発ツイート;フック型,Claude Codeのバックグラウンドエージェントが安定した。眠っている間に複数タスクを並列処理させる時代が来た。,pending-approval,3
content_20260531_005,atom_20260531_005,2026-05-31,x-post,PwCのClaude Code全社展開でAI副業スキルが履歴書に書ける時代へ,AI副業スキルの市場価値に関心がある会社員,単発ツイート;フック型,PwCがClaude Code+Coworkを全社展開した。AIコーディング支援スキルが大企業の標準スキルになる時代が来た。,pending-approval,3
content_20260531_006,atom_20260531_008,2026-05-31,note-article,Claude Code Pro Auto modeを設定したら副業の許可ボタン連打から解放された話,Claude Code Proを使っているが効率化しきれていない会社員,はじめに（許可ボタン地獄からの脱出）;Auto modeとは何か（従来との違い）;設定手順（今日できること）;Opus+Sonnet並列実行の実際のスピード感;まとめ・副業への応用例,副業中に許可ボタンを30回押した。Auto modeを設定したら次の日から0回になった。,pending-approval,3
content_20260531_007,atom_20260531_010,2026-05-31,note-article,N=27272人の調査でわかった。AI活用副業者は非活用者より月2万円・年25万円多く稼いでいる,AI副業に興味はあるが踏み出せていない会社員,はじめに（データから入る）;調査の詳細;なぜ差が生まれるのか;落とし穴;今日から格差を作る側に回る3つのアクション,AIを副業に使っている人と使っていない人の月収差は2万円だった。1年で25万円。3年で75万円。,pending-approval,3
content_20260531_008,atom_20260531_009,2026-05-31,note-article,Vibeコーディングとは何か。プログラミング未経験の会社員がClaude Codeと会話するだけでWebアプリを作った話,プログラミング知識がなくてClaude Code副業を諦めかけている会社員,はじめに（Vibeコーディングとは）;従来との違い;実際に作れるもの・依頼できる案件;副業最初の1万円達成ステップ;まとめ・今日試せること1つ,プログラミングを1行も書かずにWebアプリが完成した。Vibeコーディングはコードを書かずに会話だけで開発する新しいスタイルだ。,pending-approval,3
content_20260531_009,atom_20260531_011,2026-05-31,x-post,/goalコマンドで完了まで自律実行。副業の「ほったらかし」が実現,Claude Code副業で自律実行の仕組みを作りたい会社員,単発ツイート,Claude Codeに「記事が完成するまで止まらないで」が文字通り実現した。/goalコマンドを知らない副業人は損してる。,pending-approval,3
content_20260531_010,atom_20260531_007,2026-05-31,x-post,Claude Opus 4.8デフォルト化+Dynamic workflows。1人副業で組織並み生産性の時代,Claude Codeの最新機能で生産性を上げたい副業会社員,スレッド（3枚）,Claude Code に Opus 4.8 が標準搭載された。さらに数百のサブエージェントを同時に動かせる。1人副業なのに組織並みの生産性が出る時代が来た。,pending-approval,3
content_20260601_001,atom_20260601_006,2026-06-01,note-article,AI副業で稼ぎ続けるために「専門性×AI」を始めた話,スキルゼロのままAI副業を続けていて稼げなくなりつつある会社員,はじめに;コモディティ化の現実;稼げなくなる人の共通点;専門性×AIで差をつける方法;今すぐ始める3つのアクション,AIを使うだけで稼げる時代は終わりかけている。今のうちに専門知識とAIを掛け合わせないと2026年後半に置いていかれる。,pending-approval,3
content_20260601_002,atom_20260601_005,2026-06-01,note-article,Claude Code「AI社員」を5人雇ったら副業の作業時間がほぼゼロになった,副業作業が多くて続けられないと感じている会社員,はじめに（AI社員とは何か）;役割分担の設計方法;実際に作ったAI社員5人の担当業務;1週間の運用スケジュール;まとめ・最初の1つのAI社員の作り方,副業の全作業を一人でこなしていた私が、Claude Code社員を5人雇ったら作業時間がほぼゼロになった。,pending-approval,3
content_20260601_003,atom_20260601_003,2026-06-01,note-article,書けない会社員がnoteで副業する「3段階プロンプト術」の全手順,文章力がなくてnote副業に踏み出せない会社員,はじめに（note×AI副業の現状）;なぜ文章力は関係ないのか;3段階プロンプトの具体的な使い方;実際に記事1本を作る手順;まとめ・今日試せること,文章が下手でもnoteで稼いでいる人はAIをこう使っていた。3段階プロンプトを知れば今日から記事が書ける。,pending-approval,3
content_20260601_004,atom_20260601_001,2026-06-01,x-post,Claude Code社員にSNS管理を任せたら副業が朝5分の確認だけになった,Claude Codeで副業の作業を自動化したい会社員,単発ツイート,Claude Code社員にインスタ10垢を任せたら、私の仕事が朝の確認5分だけになった。,pending-approval,3
content_20260601_005,atom_20260601_006,2026-06-01,x-post,スキルゼロAI副業の終焉。2026年後半に生き残るのは専門知識×AIを持つ人だけ,AI副業の方向性に不安を感じている会社員,スレッド（3枚）,AIを使えば誰でも稼げる時代が終わりかけている。2026年後半から稼ぐ人は「専門知識×AI」を持つ人だけになる。,pending-approval,3
content_20260602_001,atom_20260602_001,2026-06-02,note-article,6月15日でClaude副業の自動化コストが変わる。今すぐ確認すべき3つのこと,Claude Code Routines・Agent SDKを副業自動化に使っている会社員,はじめに（残り13日の緊急度）;対話枠vs自動化クレジットの違い;影響を受ける人・受けない人;変更前に今すぐやる3つの確認;まとめ,6月15日からClaudeの料金体系が変わる。副業で自動化を使っている人は今すぐ自分の使い方を確認しないと翌月から予想外のコストが発生する。,pending-approval,3
content_20260602_002,atom_20260602_003,2026-06-02,note-article,月収100万を達成した人のClaude Code副業3ステップを全部書く,Claude Codeで副業を始めたいがロードマップが見えていない会社員,はじめに（月収100万は現実か）;Step1：基本操作2週間;Step2：X×高単価アフィ設計図;Step3：毎日5分投稿×継続;失敗パターン3つ;まとめ,副業で月収100万円を達成している人のClaude Code活用法がXで話題になっている。3ステップだ。全部書く。,pending-approval,3
content_20260602_003,atom_20260602_004,2026-06-02,note-article,副業初心者に『Claude Codeは不要』は本当か？正しいAI副業の始め方を整理する,AI副業を始めようとして何から手をつけるか迷っている会社員,はじめに（不要論の背景）;副業初心者がClaude Codeで失敗する理由;先に学ぶべきこととは;Claude Codeが活きる段階;まとめ,Claude Codeを副業に使おうとしている初心者に聞いてほしい。稼ぐことが目的なら、Claude Codeより先に学ぶべきことがある。これは否定ではなく順序の話だ。,pending-approval,3
content_20260602_004,atom_20260602_002,2026-06-02,x-post,Claude Code週次利用制限50%増加・7/13まで限定,Claude Code Proを副業に使っている会社員,単発ツイート;フック型,Claude Codeの週次利用制限が今日から1.5倍になっている。知らない人は損してる。,pending-approval,3
content_20260602_005,atom_20260602_001,2026-06-02,x-thread,6月15日Claudeプラン変更緊急警告（スレッド）,Claude副業で自動化を使っている会社員,スレッド（3枚）;対話vs自動化分離解説;影響ある人リスト,6月15日まであと13日。Claude副業の自動化コストが変わる。,pending-approval,3
content_20260603_001,atom_20260603_007,2026-06-03,note-article,海外でClaude新機能を使って月50万稼いでいる人がいる。日本でやる人は今が最後だと思う,AI副業に興味があるが様子見している会社員,はじめに（海外事例から）;なぜ日本は半年遅れるのか;海外で月50万を実現した方法;今すぐ動かないと遅くなる理由;今週やるべき1つのアクション,海外のAI起業家がClaudeの新機能だけで月50万稼いでいる。日本に来るのは半年後だ。今が先行者利益の最後だ。,pending-approval,3
content_20260603_002,atom_20260603_001,2026-06-03,note-article,Claude CodeをMCPで使っている人は今すぐv2.1.161にアップデートしてほしい理由,Claude CodeをMCPと組み合わせて副業自動化に使っている中級者,はじめに;脆弱性の内容（MCPシークレット平文出力）;影響を受ける人・受けない人;アップデート手順（今日5分でできること）;MCPセキュリティのベストプラクティス,claude mcp listを実行してほしい。おそらくAPIキーが丸見えで出ている。これが今日のv2.1.161で修正された脆弱性だ。,pending-approval,3
content_20260603_003,atom_20260603_002,2026-06-03,note-article,デザインの知識がゼロだった私がClaude Designで副業を始めたら単価が4倍になった話,デザインスキルがなくて副業に踏み出せていない会社員,はじめに（Claude Designとは）;デザイン未経験でも受注できる理由;実際の単価と受注スピード（事例データ）;副業で使えるClaude Designの3つのユースケース;今日から始める最初のステップ,Figmaも使えない。デザイン学校も行ったことない。でも今月LP制作で$200を受注した。Claude Designを使い始めて3ヶ月で起きた変化を全部書く。,pending-approval,3
content_20260603_004,atom_20260603_003,2026-06-03,x-post,AI社員7人体制で副業を始めた人の初月報告,Claude Code副業の現実感を知りたい会社員,単発ツイート,Claude Code AI社員7人体制で副業を始めた人が初月報告。売上はまだゼロ。でも仕組みは全部できてる。,pending-approval,3
content_20260603_005,atom_20260603_006,2026-06-03,x-post,リベ大公式がAI副業19選を発表・AI副業が完全に主流化,AI副業を始めるか迷っている会社員,単発ツイート,リベ大がAIを使って稼ぐ副業19選を発表した。もうAI副業は先進的な人だけのものじゃない。完全に主流になった。,pending-approval,3
content_20260603_006,atom_20260603_005,2026-06-03,x-post,非エンジニアでもわかる2026年最強生成AI Claude完全解説動画が公開,Claude副業を始める前に全体像を掴みたい会社員,単発ツイート,「Claudeって結局何ができるの？」に完全答えた動画が6月1日に出た。副業を始める前に見ておくべき1本。,pending-approval,3
content_20260603_007,atom_20260531_012,2026-06-03,x-post,/code-reviewで副業成果物の品質保証を自動化する,Claude Code副業で成果物の品質を上げたい会社員,単発ツイート,Claude Codeの/code-reviewを副業成果物に使うようになってから修正依頼が激減した。品質チェックをAIに任せるだけで信頼度が上がる。,pending-approval,3
content_20260603_008,atom_20260601_007,2026-06-03,x-post,地方副業マッチング前年比2.3倍・AIスキル会社員に新市場が開いている,地方在住で副業案件が少ないと思っている会社員,単発ツイート,地方企業×AIスキル会社員の副業マッチングが前年比2.3倍になった。AIを使えれば地方からも副業案件が来る時代だ。,pending-approval,3
content_20260604_001,atom_20260604_001,2026-06-04,note-article,通勤30分を副業時間に変えた3つのステップ【Claude Code Remote Control活用】,副業に興味はあるが平日の作業時間が取れないと悩んでいる会社員,はじめに;Remote Controlとは何か;実際の1日の流れ;設定手順（今日できること）;まとめ・明日の朝から試せる1アクション,副業のために夜2時間を確保しようとして挫折した。Remote Controlを設定したら通勤の30分でClaude Codeに指示して、夜には成果物ができていた。,pending-approval,3
content_20260604_002,atom_20260604_003,2026-06-04,note-article,寝ている間に副業の納品が完了していた話【Claude Code Routines×GitHub Actions連携】,Routinesを知っているが副業への活用方法が分からない会社員,はじめに;GitHub ActionsトリガーでClaudeが起動する仕組み;副業で使える3つの自動化パターン;実際の設定手順（コピペで動く）;注意点と最小構成,副業の案件を受けたその夜、GitHubにPushするだけで翌朝には納品物ができていた。Routinesを設定してからClaude Codeが夜通し働いてくれる。,pending-approval,3
content_20260604_003,atom_20260604_006,2026-06-04,x-thread,AIエージェントに丸投げしたら副業スタイルが変わった話,副業を始めているがAIをまだ補助ツールとしてしか使えていない会社員,スレッド（3枚）,インスタ10垢をClaude Code社員に任せて自分はポテト食ってるだけという投稿が1万RTされた。これが2026年の副業の最終形だ。,pending-approval,3
content_20260604_004,atom_20260604_004,2026-06-04,x-post,AI副業案件クラウドワークスで2024比3.2倍・参入チャンスは今,副業案件獲得を目指している会社員,単発ツイート,Claude Codeを使った自動化・システム構築の案件がクラウドワークスで2024年比3.2倍になっている。知らない人は参入チャンスを見逃してる。,pending-approval,3
content_20260604_005,atom_20260604_002,2026-06-04,x-post,リベ大公式AI副業19選実演動画・AI副業が完全主流化,AI副業を始めるか迷っている会社員,単発ツイート,リベ大公式がAI活用で稼ぐ副業19選を実演動画で公開した。会員89.2%が資産アップ実感。副業は完全に主流になった。,pending-approval,3
content_20260605_001,atom_20260605_006,2026-06-05,note-article,Devin DesktopとClaude Codeを統合したら副業の管理コストがゼロに近くなった話,Claude Codeを使い始めてマルチエージェント活用を模索している中級の会社員副業者,はじめに（AIエージェント管理の転換点）;WindsurfがDevin Desktopになって何が変わったか;Claude Code×Devin Desktop統合のメリット;会社員が「AI社員5人体制」を持てる時代の副業設計;今すぐ試せる1アクション,先週まで使っていたIDEが変わった。WindsurfがDevin Desktopになって、Claude CodeもCodexも全部1つの画面で管理できるようになった。副業で複数のAIエージェントを動かす人にとってこれは本当に大きな変化だ。,pending-approval,3
content_20260605_002,atom_20260605_004,2026-06-05,note-article,Claudeに月$20払っただけで副業月5万を達成できた。その3ヶ月の全記録,副業に興味はあるが初期コストやリスクが怖くて踏み出せていない会社員,はじめに（最小コストで始めた話）;月$20で何ができるのか;3ヶ月で副業月5万達成した5つのステップ;実際の時間・コスト・収益（正直な数字）;今日から始める最初の1ステップ,副業を始めるのに必要な初期投資は月$20だった。Claudeのサブスクだけで3ヶ月後に月5万円を達成した非エンジニアの話を全部書く。,pending-approval,3
content_20260605_003,atom_20260605_003,2026-06-05,note-article,Claude Code×Xで「コピペ1回」副業を実現した人の手順を全部書く,Claude Codeを知っているが収益化の方法が具体的に見えていない会社員,はじめに（コピペ1回副業とは何か）;なぜClaude Code×Xの組み合わせが最強なのか;月収100万達成者が実際にやった3ステップ;コピペ1回を実現するために必要な準備;最初の1週間でやること,Claude CodeとXを組み合わせると、副業の投稿作業がコピペ1回になる。月収100万を達成した人の手順を全部書く。,pending-approval,3
content_20260605_004,atom_20260605_001,2026-06-05,x-post,WindsurfがDevin Desktopに変わった。Claude Code・Codex・Cursorが1IDEで動く新時代,Claude Codeで副業のマルチエージェント運用を検討している会社員,単発ツイート,WindsurfがDevin Desktopに変わった。Claude Code・Codex・Cursorが1つのIDEで動く。副業でマルチエージェント使う人には本当に大きな変化だ。,pending-approval,3
content_20260605_005,atom_20260605_002,2026-06-05,x-post,Claude Code v2.1.163バックグラウンドセッション自動更新で副業自動化が安定,Claude Code Proを副業の自動化に使っている会社員,単発ツイート,Claude Codeのバックグラウンドセッションが新バージョンに自動更新されるようになった。副業の自動化フローがアップデートのたびに止まる問題が解消された。,pending-approval,3
content_20260605_006,atom_20260605_005,2026-06-05,x-post,Claude Codeで稼ぐなら最初に見るべきYouTube動画（ここなのAI大学）,Claude Codeで副業を始めようとしている会社員,単発ツイート,「Claude Codeで稼ぎたいなら最初に見るべき動画」がある。ここなのAI大学がClaude Codeを使って副業で稼ぐ全手順を実演している。,pending-approval,3
content_20260606_001,atom_20260606_002,2026-06-06,note-article,AI副業で頑張っているのに稼げない人がやっている3つの決定的な勘違い,AI副業を始めてみたが成果が出ず新しい情報やツールを買い続けている会社員,はじめに（稼げない正体）;勘違い①情報を買うことを行動と思っている;勘違い②AI副業情報を売る人を疑わない;勘違い③ツールを増やすほど稼げると思っている;今日からできる1アクション,AI副業を半年やっているのに月収が3万円も超えない。それは情報が足りないからじゃない。勘違いしたまま走り続けているからだ。,pending-approval,3
content_20260606_002,atom_20260606_004,2026-06-06,note-article,Claude CodeでKindle本を出版して売上5万円を達成した話【非エンジニアの全手順】,副業で何か「作って売る」を実現したいがプログラミングもデザインも自信がない会社員,はじめに（Claude Code×Kindle出版が成立する理由）;実際にやった全手順;時間・コスト・売上の正直な数字;失敗と次回改善;今日から始める最小ステップ,Kindle本を書いた経験はゼロ。文章力に自信もない。それでもClaude Codeを使って3週間で電子書籍を出版し5万円が振り込まれた。全部書く。,pending-approval,3
content_20260606_003,atom_20260606_005,2026-06-06,note-article,AI副業を始めて3ヶ月で挫折する人が9割の理由と残り1割になる実践ロードマップ,AI副業を始めようとしているが3ヶ月で諦めるのではないかと不安な会社員,はじめに（9割退場のデータ）;挫折パターン①低単価案件に時間を溶かす;挫折パターン②AI丸投げで品質低下;挫折パターン③ツール代だけ増えて収入ゼロ;3ヶ月の壁を越えた人の共通点と今日できること,AI副業を始めた人の9割が3ヶ月以内にやめている。でも理由は才能でも運でもなく始める前に知っておくべき3つのパターンを知らなかっただけだ。,pending-approval,3
content_20260606_004,atom_20260606_001,2026-06-06,x-post,CursorとClaude Code副業ツール選択の最終答え,副業開発でCursorとClaude Codeのどちらを使うか迷っている会社員,単発ツイート,CursorとClaude Code、副業でどっちを使えばいいか3ヶ月悩んで出した答えを書く。,pending-approval,3
content_20260606_005,atom_20260606_003,2026-06-06,x-post,Claude+Make自動化で副業作業時間を半分にして収益2倍にした話,AI副業の自動化に興味があるが初期コストが不安な会社員,単発ツイート,AI副業の自動化、初期費用3,000円でできる。,pending-approval,3
content_20260606_006,atom_20260606_002,2026-06-06,x-post,AI副業情報を買う前に確認すべきたった1つのこと,AI副業を始めようとして情報収集中の会社員,単発ツイート,AI副業の情報を買う前に、これだけ確認してほしい。,pending-approval,3
content_20260607_001,atom_20260607_002,2026-06-07,note-article,副業作業時間が多くて続かない会社員がClaude Codeで1/3を実現した方法,副業はやりたいが平日の作業時間が確保できず続かないと感じている会社員,はじめに;Claude Code前の作業時間の内訳;作業時間を1/3にした5つの変化;実際の1週間スケジュール（Before/After）;まとめ・今日からできる最初の1アクション,「副業の作業時間が多くて続かない」と思っていた。でも問題は時間じゃなく、AIに任せていない作業が多すぎただけだった。Claude Codeを使い始めてから3ヶ月で作業時間が3分の1になった話を書く。,pending-approval,3
content_20260607_002,atom_20260607_005,2026-06-07,note-article,文章力ゼロだった私がClaudeとnoteで180日で月5万円を実現した理由,文章を書くのが苦手でnote副業を諦めかけている会社員,はじめに;180日の全記録（月ごとの収益・作業時間・失敗）;再現性の高い3段階AIフロー;1本あたり90分で記事を完成させる具体的な手順;まとめ・180日チャレンジを始める方法,文章が下手でnoteで稼げる気がしなかった。それでも180日続けたら月5万円が振り込まれた。Claudeの使い方は1つだけ覚えれば十分だった。,pending-approval,3
content_20260607_003,atom_20260607_004,2026-06-07,note-article,AnthropicとSpaceX提携でClaude副業コストが実質半減した話と今すぐ確認すべき3つのこと,Claude Codeを副業の自動化やコンテンツ生成に使っている中級者の会社員,はじめに;SpaceX×Anthropic提携で何が変わるのか;Claude Cowork利用制限2倍の具体的な影響;副業自動化ユーザーが今すぐ確認すべき3つのこと;まとめ・この変化をチャンスに変える使い方,AnthropicがSpaceXと組んだ。GPU22万台以上が追加される。これは副業でClaude Codeを使っている人にとってコストが実質半分になる可能性がある話だ。,pending-approval,3
content_20260607_004,atom_20260607_001,2026-06-07,x-post,Claude Code神ワザ10選・AI部下に丸投げする副業スタイルが広がっている,Claude Codeで副業の自動化に興味がある会社員,単発ツイート,Claude Codeの神ワザを10個まとめたYouTubeが昨日公開された。「AIを部下にして仕事を丸投げする方法」。この概念が広まったら副業の常識が変わる。,pending-approval,3
content_20260607_005,atom_20260607_006,2026-06-07,x-post,AI副業記事1本で15000フォロワー獲得・月90万の現実がXでバズ,Claude Code×X副業の情報発信効果を知りたい会社員,単発ツイート,Claude Codeで自動化できる記事を1本書いたら15,000フォロワー増えた。月90万稼いでる人がXで言ってた。,pending-approval,3
content_20260607_006,atom_20260607_003,2026-06-07,x-thread,AI副業で月5万円稼ぐ人が最初にやる初期設定3選,AI副業を始めたいがどこから手をつければいいか迷っている会社員,スレッド（3枚）,AI副業で月5万円稼いでいる人の共通点は、最初にこの「初期設定3つ」を済ませていた。,pending-approval,3
content_20260607_007,atom_20260607_007,2026-06-07,x-post,Claude Code30分アプリで宣伝なしにサブスク収益が発生した事例,Claude Codeでアプリ開発副業を検討している会社員,単発ツイート,Claude Codeで30分でWebアプリを作って公開したら、宣伝なしで複数件のサブスク購入が入ってきた、という事例が出始めた。,pending-approval,3
content_20260607_008,atom_20260607_004,2026-06-07,x-post,AnthropicとSpaceX提携でClaude Cowork利用制限が1ヶ月間2倍,Claude副業で自動化を積極活用している会社員,単発ツイート,AnthropicがSpaceXと組んだ。その結果、Claude Coworkの利用制限が1ヶ月間2倍になった。副業で使っている人は今が動き時だ。,pending-approval,3
content_20260608_001,atom_20260608_003,2026-06-08,note-article,/initを1回打つだけで副業作業の説明が完全不要になった話,Claude Code副業を始めたが毎回同じ説明をして効率が悪いと感じている会社員,はじめに;CLAUDE.mdとは何か;副業で使える設定3パターン;/initでの自動生成手順;実際の作業効率への影響;まとめ,毎回Claudeに同じ説明をしている人は時間を溶かしてる。CLAUDE.mdを設定した翌日から説明ゼロになった話を書く。,pending-approval,3
content_20260608_002,atom_20260608_002,2026-06-08,note-article,Claude Mythosが一般公開される前に副業者がやるべき3つの準備,Claude Codeを使い始めているが最新情報を追えていない副業会社員,はじめに;Claude Mythosとは何か;なぜ今準備が必要か;3つの準備アクション;一般公開後に何が変わるか;まとめ,Claude Mythosが6月後半に一般公開される。知っている人は今から準備している。知らない人は公開後から追いかける。その差はもう埋まらない。,pending-approval,3
content_20260608_003,atom_20260608_004,2026-06-08,note-article,週末3時間だけでAI副業月5万円を達成する自動化の全手順,本業が忙しく副業に使える時間が週末3時間程度しかない会社員,はじめに;週末3時間で回る副業の仕組み設計;自動化ツールの最小構成;実際の週末スケジュール;月5万円までのロードマップ;まとめ,平日は全力で働いて週末しかない。そんな会社員がAI副業で月5万円を達成した方法がある。週末3時間だ。,pending-approval,3
content_20260608_004,atom_20260608_003,2026-06-08,x-post,CLAUDE.mdを知らないClaude Code副業者は時間を溶かしてる,Claude Codeで副業を始めているが非効率を感じている会社員,単発ツイート,Claude Codeで副業しているのにCLAUDE.mdを設定していない人は時間を溶かしてる。,pending-approval,3
content_20260608_005,atom_20260608_002,2026-06-08,x-post,Claude Mythos一般公開前に副業者がやること1つ,AI副業の最新情報を追っている会社員,単発ツイート,Claude Mythosが6月後半に一般公開される。副業者は今週中に1つだけ準備してほしいことがある。,pending-approval,3
content_20260608_006,atom_20260608_004,2026-06-08,x-thread,週末3時間でAI副業月5万円の自動化術スレッド,時間がなくて副業が続かないと感じている会社員,スレッド（3枚）;週末3時間で動く仕組み;自動化の最小構成;最初の一歩,週末3時間でAI副業月5万円は現実だ。平日は全力会社員で週末だけAI副業している人の自動化術を書く。,pending-approval,3
content_20260608_007,atom_20260608_001,2026-06-08,x-post,AnthropicがIPO申請・Claude副業フリーランスに意外な追い風,Claude副業で提案力を高めたい会社員フリーランス,単発ツイート,AnthropicがIPOを申請した。評価額145兆円。これClaude副業をしている人には意外な追い風がある。,pending-approval,3
content_20260608_008,atom_20260608_005,2026-06-08,x-post,Claude Code+Bedrock APIで月60万円副業事例と持続性の現実,Claude Code副業で高単価を目指している会社員,単発ツイート,Claude Code + Bedrock APIで月60万円超えの副業事例がXに出た。ただし持続性に課題があると本人が指摘している。,pending-approval,3
content_20260609_001,atom_20260609_001,2026-06-09,note-article,Claude Fable 5が今日公開された。副業者が今週中にやるべきこと3つ,Claude CodeやClaudeを副業に使っているが最新情報を追えていない会社員,Claude Fable 5とは何か;従来Opusとの違い（副業目線）;Pro/Maxユーザーは6/22まで無料の事実;副業でFable 5を活かす3つのユースケース;今週やること1つ,今日、Anthropicが新しいモデルを公開した。Opus超えのMythos-classだ。副業でClaudeを使っている人にとって、6月22日は見逃せない期限になる。,pending-approval,3
content_20260609_002,atom_20260609_004,2026-06-09,note-article,AI副業情報を半年漁っても動けない人がやっている3つの間違い,AI副業に興味があって情報収集は続けているが半年経っても動き出せていない会社員,情報過多の罠;AI情報売る人に稼いだことがない人が混じる事実;本物と偽物の見分け方;情報収集をやめて最初の1アクションに切り替える;今日から動く最小ステップ,半年AI副業の情報を集め続けている。でも1円も稼いでいない。それは情報が足りないからじゃない。判断軸がないまま情報を増やし続けているからだ。,pending-approval,3
content_20260609_003,atom_20260604_001,2026-06-09,note-article,通勤30分を副業時間に変えた。Claude Code Remote Controlで会社員の時間が2倍になる,副業に興味があるが平日の作業時間が取れないと悩んでいる会社員,時間がないは本当か;Remote Controlとは何か;通勤30分でできる指示の出し方;設定手順（今日15分）;実際の1日スケジュールBefore/After;まとめ,副業のために夜2時間を確保しようとして挫折した。Remote Controlを設定した翌日から、通勤の30分でClaude Codeに指示して、帰宅したら成果物ができていた。,pending-approval,3
content_20260609_004,atom_20260609_001,2026-06-09,x-post,Claude Fable 5が今日公開・Proユーザーは6/22まで無料,Claude副業を使っている会社員,単発ツイート,今日、Anthropicが新モデルを公開した。Proユーザーは6月22日まで無料で使える。,pending-approval,3
content_20260609_005,atom_20260609_005,2026-06-09,x-thread,6/15のClaude料金分離まで残り6日・副業者が今すぐ確認すること,Claude副業で自動化を使っている会社員,スレッド（3枚）;残り6日の緊急度;影響ある自動化の種類;今日やること1つ,Claude副業で自動化を使っている人へ。6月15日まで残り6日。,pending-approval,3
content_20260609_006,atom_20260604_006,2026-06-09,x-post,AIエージェント委任で副業が「朝の確認5分だけ」になった話,Claude Codeで副業の作業を自動化したい会社員,単発ツイート,インスタ10垢をClaude Code社員に任せたら、私の仕事が朝の確認5分だけになった。これがXでバズってる。,pending-approval,3
content_20260609_007,atom_20260609_002,2026-06-09,x-post,Claude Code vs Cursor副業で使うべきはどちら・実測で結論,副業開発でCursorとClaude Codeのどちらを使うか迷っている会社員,単発ツイート,Claude CodeとCursorを8タスクで実測した。副業で使うべきはどちらか、結論を書く。,pending-approval,3
content_20260609_008,atom_20260609_003,2026-06-09,x-post,AIだけで不労所得月5万の自動化術が本日公開,AI副業を始めたい会社員,単発ツイート,AIだけで月5万の不労所得を作る方法が今日動画で公開された。見た。,pending-approval,3
content_20260610_001,atom_20260610_002,2026-06-10,note-article,Fable 5でStripeが2ヶ月の仕事を1日で終わらせた話と副業への応用,受注単価が上がらず副業の次のステップに悩んでいる会社員,はじめに;Fable 5の長時間エージェント能力とは;Stripe50M行コード1日移行の意味;高単価案件に挑む3つの準備;今週試せる最初の一歩,Stripeが2ヶ月分のコード仕事を1日で終わらせた。これを副業の受注に使わない理由はない。,pending-approval,3
content_20260610_002,atom_20260610_003,2026-06-10,note-article,Fable 5の副業活用で「90%の性能」を引き出す使い方,Fable 5に切り替えたが効果を感じられない副業会社員,はじめに;なぜ同じ使い方では性能が出ないのか;Fable 5が得意な長時間複合タスクの副業応用;実際に試した副業タスク3パターン;今日試せる指示方法の変え方,Fable 5に変えたのに前と変わらない。それはプロンプトの問題だ。,pending-approval,3
content_20260610_003,atom_20260610_004,2026-06-10,x-post,Fable 5無料期限残り12日・副業者が今すぐ試す理由,Claude ProユーザーのFable 5未試用の副業会社員,単発ツイート,Fable 5が無料で使えるのは残り12日だ。副業で試さないと絶対後悔する。,pending-approval,3
content_20260610_004,atom_20260610_006,2026-06-10,x-post,note×Claude副業「売れる記事テンプレ」公開で参入障壁が消えた,noteで副業したいが何を書けばいいか分からない会社員,単発ツイート,noteで何を書けばいいか分からない人へ。売れる記事の型が全部公開されている。,pending-approval,3
content_20260610_005,atom_20260610_001,2026-06-10,x-post,Claude Code v2.1.170でFable 5が使えるようになった,Claude Code副業ユーザー全般,単発ツイート,Claude Codeを今すぐアップデートしてほしい。Fable 5が使えるバージョンになる。,pending-approval,3
content_20260611_001,atom_20260611_004,2026-06-11,note-article,6/15でClaude副業のコストが変わる。乗り換えるべきか続けるべきか全部書く,Claude Code自動化副業のコスト増を心配している会社員,はじめに;6/15変更の中身シンプル整理;乗り換え候補ツールの現実;続ける・乗り換えの判断基準;今週中にやること1つ,6/15以降、Claude Codeの自動化がクレジット消費に変わる。解約を考え始めた人が増えている。でも乗り換える前に確認すべきことがある。,pending-approval,3
content_20260611_002,atom_20260611_001,2026-06-11,note-article,両学長も試した。Fable 5を副業で使う前に確認すべきことと6/22の期限,Claude Proを使っているが最新モデルを使いこなせていない副業会社員,はじめに（130K再生の事実）;Fable 5が副業で強いシーン;試しても意味がない使い方;6/22までに試す実験3タスク;6/23以降のコスト判断,両学長が130,000人に見せた。Fable 5が副業で本当に使えるかどうかを、残り11日の無料期間に検証しない理由はない。,pending-approval,3
content_20260611_003,atom_20260611_002,2026-06-11,note-article,知識ゼロで1週間Claude Codeを使ったら副業が始まった話,プログラミング経験ゼロで副業を諦めかけている会社員,はじめに（59K再生の証拠）;1週間で何ができたか;どこまで作れるか;副業案件の種類と単価の現実;今日から1つ動けること,59,000人が見た。プログラミングゼロの人が1週間でWebサイトを作った動画がある。副業を諦めている理由が消えるかもしれない。,pending-approval,3
content_20260611_004,atom_20260611_003,2026-06-11,x-post,Claude Code v2.1.172サブエージェント5階層ネストで副業自動化が深化,Claude Code副業の自動化を積極活用している会社員,単発ツイート,Claude Codeが本日アップデートされた。副業でAIを「入れ子」にして使える時代が来た。,pending-approval,3
content_20260611_005,atom_20260611_004,2026-06-11,x-thread,Claude Code解約検討が急増している現実と正しい判断基準,Claude Code副業でコスト増を心配している会社員,スレッド（3枚）;6/15変更の現実;乗り換え候補の比較;続ける・やめる判断軸,「Claude Code解約のすすめ」という動画が出た。6/15の料金変更で何が起きているのか整理する。,pending-approval,3
content_20260611_006,atom_20260611_001,2026-06-11,x-post,両学長がFable 5を推薦・6/22まで無料で副業に試す価値がある,Claude ProユーザーのFable 5未試用の副業会社員,単発ツイート,両学長がFable 5を試した動画が13万再生を超えた。副業している人は今週中に1回使うべき理由がある。,pending-approval,3
content_20260611_007,atom_20260611_002,2026-06-11,x-post,知識ゼロで1週間Claude Code副業が始まる証拠（59K再生）,プログラミング未経験でClaude Code副業を迷っている会社員,単発ツイート,「プログラミングできないと副業できない」は2026年は嘘だ。59,000人が見た動画がある。,pending-approval,3
content_20260611_008,atom_20260611_006,2026-06-11,x-post,Fable 5ライティング副業コスパ現場検証・今日公開の結論,ライティング副業でFable 5を試す価値があるか気になる会社員,単発ツイート,Fable 5でライティング副業が変わるか、今日公開の動画で検証されていた。結論を書く。,pending-approval,3
content_20260613_001,atom_20260613_001,2026-06-13,note-article,Fable 5が突然停止した。副業者が今すぐやるべき3つのこと,Fable 5を試していたか使おうとしていた副業会社員,はじめに（今朝何が起きたか）;米政府輸出規制指令とは何か;副業者への具体的な影響;Opus 4.8で代替する具体的な方法;6/22の無料期限に備えて今やる1つのこと,今朝Claudeを開いたらFable 5が消えていた。米政府の指令で公開から3日で全停止になった。副業でClaude Codeを使っている私が、今日の午前中にやったことを全部書く。,pending-approval,3
content_20260613_002,atom_20260613_002,2026-06-13,note-article,6月15日まで残り2日。Claude副業自動化ユーザーが今日中にやるべきチェックリスト,Claude Routines・GitHub Actions・claude -pを副業自動化に使っている会社員,はじめに（残り2日の緊急度）;対話と自動化の分離で何が変わるのか;影響を受けるか1分で分かるチェックリスト;Proの$20が何日で溶けるか試算;今日やる3つのアクション,Claude副業の自動化コストが明後日から変わる。Routinesやclaude -pを使っている人は今日確認しないと翌月の請求が想定外になる可能性がある。,pending-approval,3
content_20260613_003,atom_20260613_003,2026-06-13,note-article,Claude Codeで6人のAI社員を雇ってSNS運用を完全自動化した手順を全公開,SNS運用代行を副業にしたい・副業のSNS発信が続かない会社員,はじめに（AI社員とSNS副業の接点）;6人の役割分担設計;設定手順3ステップ;実際の1日の動き方;SNS運用代行案件の受注方法と単価,副業のSNS投稿をClaude Code社員6人に任せたら私の作業が朝5分になった。設定は3ステップで終わる。,pending-approval,3
content_20260613_004,atom_20260613_001,2026-06-13,x-post,Fable 5突然停止と副業者への影響速報,Fable 5停止を知らない副業会社員,単発ツイート,今日からFable 5が使えない。米政府の指令だ。,pending-approval,3
content_20260613_005,atom_20260613_002,2026-06-13,x-thread,6月15日Claude料金分離残り2日の緊急行動スレッド,Claude副業で自動化を使っている会社員,スレッド（3枚）;影響を受ける人リスト;今日やること1つ,Claude副業の自動化コスト、明後日から変わる。確認したか？,pending-approval,3
content_20260613_006,atom_20260613_007,2026-06-13,x-post,Fable 5停止中のOpus 4.8代替戦略,Claude副業ユーザー全般,単発ツイート,Fable 5が停止された。じゃあ副業はどうするか。,pending-approval,3
content_20260613_007,atom_20260613_005,2026-06-13,x-post,AI×Obsidianで自分の言葉でSNS投稿を量産する方法,SNS投稿がAIっぽいと言われている副業会社員,単発ツイート,AIで書いた投稿が「なんかAIっぽい」と言われる人へ。,pending-approval,3
content_20260613_008,atom_20260613_003,2026-06-13,x-post,Claude Code×6人AI社員でSNS丸投げが現実になった,Claude Codeで副業SNS自動化を検討している会社員,単発ツイート,インスタ6垢を6人のClaude Code社員に丸投げした。,pending-approval,3
content_20260614_001,atom_20260614_004,2026-06-14,note-article,6/15後もClaude副業を月$20で回し続けるための3つの設定変更,Claude Code Routines・claude -pを副業に使っているが6/15料金変更への具体的対策ができていない会社員,はじめに（今日の状況）;料金変更の影響を受ける人・受けない人;設定変更①モデルをOpus→Sonnetに切り替え;設定変更②Routines実行頻度の最適化;設定変更③プロンプトキャッシュ設定;まとめ・今日中にやる1アクション,明日からClaude副業のコストが変わる。でも3つの設定を今日変えるだけで月$20の範囲で全部収まる。,pending-approval,3
content_20260614_002,atom_20260614_003,2026-06-14,note-article,Fable 5が復活したらすぐ使えるように。副業者が今週準備すべき3つのこと,Fable 5停止に困惑し次の手が見えていないClaude Code副業の会社員,はじめに（現状整理）;AnthropicがFable 5異議申し立て中という最新情報;Opus 4.8で今週できる副業タスク;Fable 5復活後に即実行するプロンプト設計;まとめ・今週の動き方,Fable 5が使えなくなってから副業の手が止まっている人がいる。でも止まるのは早い。今週できることを全部書く。,pending-approval,3
content_20260614_003,atom_20260614_002,2026-06-14,note-article,Claude Code副業で月30万円を目指せる種類TOP7【2026年6月最新版】,AI副業を始めたいがどの種類が自分に向いているか分からない会社員,はじめに（月30万は現実か）;TOP7の一覧と特徴比較（単価・スキル難易度・時間投資）;自分に合う種類の選び方;最初の1ヶ月で動けるロードマップ;まとめ,Claude Codeで月30万円を目指せる副業は7種類ある。自分に向いているのはどれか、今日判断できる。,pending-approval,3
content_20260614_004,atom_20260614_001,2026-06-14,x-post,6/15前日・Claude自動化ユーザーへの緊急確認,Claude副業で自動化を使っている会社員,単発ツイート,明日、Claudeの料金体系が変わる。副業で自動化を使っている人は今日確認しないと翌月の請求で驚く。,pending-approval,3
content_20260614_005,atom_20260614_005,2026-06-14,x-post,6/15 Claude副業・続けるか乗り換えるかの判断基準1つ,6/15以降の対応を迷っているClaude副業会社員,単発ツイート,6/15でClaude副業をやめるか続けるか迷っている人へ。判断は1つの数字で決まる。,pending-approval,3
content_20260614_006,atom_20260614_003,2026-06-14,x-post,Fable 5復活見通し・Anthropicが異議申し立て中,Fable 5停止を知っているClaude副業会社員,単発ツイート,Fable 5、まだ諦めなくていい。AnthropicがFable 5停止は誤解だと異議申し立て中だ。,pending-approval,3
content_20260614_007,atom_20260614_004,2026-06-14,x-thread,6/15以降も月$20でClaude副業を続ける設定3選,Claude Code自動化副業のコスト増を心配している会社員,スレッド（3枚）;①Opusを使っている人へのモデル変更;②Routines頻度調整;③キャッシュ設定の最小構成,6/15以降も月$20でClaude副業を続ける人がいる。やった設定変更は3つだけだ。,pending-approval,3
content_20260614_008,atom_20260614_007,2026-06-14,x-post,会社員の本業知識が2026年後半の最強AI副業武器,AI副業の方向性に不安を感じている会社員,単発ツイート,AIだけで稼ごうとしている人が急増している。でも2026年後半から稼ぐのは「本業知識×AI」を持っている人だけだ。,pending-approval,3
content_20260615_001,atom_20260615_001,2026-06-15,note-article,今日から変わったClaude副業の自動化コスト。6/15実施日に確認すべき3つのこと,Routines・Agent SDK・claude -pを副業自動化に使っているが6/15以降の影響確認がまだできていない会社員,はじめに（今日何が変わったか）;対話と自動化の分離とは（1分理解）;影響を受ける人・受けない人チェックリスト;$20クレジット内に収める3つの設定変更;今日中にやること・明日からの運用,今日からClaude副業の課金ルールが変わった。Routinesやclaude -pを使っている人は今日これを読まないと来月の請求で驚く。,pending-approval,3
content_20260615_002,atom_20260615_002,2026-06-15,note-article,有料noteの無料部分を変えたら置いておくだけで月5万になった話,noteで記事を書いているが有料記事の購入率が低くて副業収益が伸び悩んでいる会社員,はじめに（無料部分が全部という逆説）;購入されない記事の無料部分の共通点;CV率が3倍になった無料部分の書き方3原則;Claudeで無料部分を生成する具体的プロンプト;まとめ・今日から使えるテンプレ,noteが売れない理由は記事の質じゃない。無料部分を見直したら3日で購入が入るようになった。,pending-approval,3
content_20260615_003,atom_20260615_003,2026-06-15,note-article,Claude Code Skill.mdを設定したらLP制作が量産できるようになった話,Claude Codeでの繰り返し作業が多くLP制作代行の効率が上がらないと感じている会社員副業者,はじめに（Skillsとは何か）;Skill.mdの設定方法（コピペで動くテンプレ）;LP量産に使える具体的なSkillの作り方;実際の作業時間Before/After;まとめ・副業案件への応用,Claude CodeでLPを作るたびに同じ指示を繰り返していた。Skill.mdを設定した翌日からコマンド1つで雛形が出てくるようになった。,pending-approval,3
content_20260615_004,atom_20260615_001,2026-06-15,x-thread,6/15から始まったClaude副業の自動化別課金・対話ユーザーは関係なし,Claude Routinesや自動化を使っている副業会社員・また対話のみで使っている人にも誤解を解くための投稿,スレッド（3枚）;変更点シンプル整理;影響あり/なしの判定;今日やること1つ,今日からClaude副業のルールが変わった。対話（ターミナル）で使う人は一切関係ない。自動化を使う人だけ確認してほしいことがある。,pending-approval,3
content_20260615_005,atom_20260615_004,2026-06-15,x-post,Fable 5が止まっても副業は回る。Opus 4.8との実測比較の結論,Fable 5停止で副業への影響を心配しているClaude Code副業会社員,単発ツイート,Fable 5が停止されて3日経った。副業は困っているか？答えはNoだ。Opus 4.8で全部回っている。,pending-approval,3
content_20260615_006,atom_20260615_006,2026-06-15,x-post,AI自動投稿を始める前に知るべきアカウントBANリスクと対策,Claude Codeや自動化ツールでSNS投稿を始めようとしている副業会社員,単発ツイート,Claude CodeでSNS自動投稿を始める前に、これだけ確認してほしい。,pending-approval,3
content_20260616_001,atom_20260616_006,2026-06-16,note-article,Fable 5が3日で消えた理由と AI副業者が今すぐ持つべきバックアッププラン,Claude Codeを副業で使っているが代替プランを一度も考えたことがない会社員,朝起きたらFable 5が消えていた;政府とAnthropicの対立の深層;この事件が示したAI副業3つのリスク;リスクを減らすための副業設計3原則;今週やるべき1アクション,6月9日に公開されたFable 5が6月12日に突然使えなくなった。副業で毎日使っていたツールが一夜にして消える経験をした。AIに依存しすぎていた自分への警告だった。,pending-approval,3
content_20260616_002,atom_20260616_002,2026-06-16,note-article,6/15以降何も変わっていない。ターミナル対話型Claude副業は月$20のままだった,6/15の料金変更が不安でClaude Code副業を継続するか迷っている会社員,6/15が来る前に感じていた不安;対話型vs自動化型の違いを1分で理解する;実際に6/15を超えてみた結果;本当に影響を受ける人との具体的な差;結論：対話型副業は月$20のままで続けられる,6月15日が来た。料金が変わると言われていた。副業コストが爆発するかと思っていた。何も変わらなかった。ターミナルでClaude Codeを対話で使っているだけの自分には何の影響もなかった。,pending-approval,3
content_20260616_003,atom_20260616_005,2026-06-16,note-article,noteとClaude APIを組み合わせたら月10万円が現実になった手順を全部書く,noteで副業を始めたいが記事作成に時間がかかりすぎると悩んでいる会社員,月10万円は本当に現実か（2026年の最新事例データ）;Claude API×noteの自動化の仕組み;作業時間を3時間→30分にした具体的な手順;収益を5倍にした記事戦略;今日から始める最初の1ステップ,noteに毎日1本記事を書いていた。1本3時間かかっていた。Claude APIを組み合わせた翌日から30分になった。それから1ヶ月後月10万円が振り込まれた。,pending-approval,3
content_20260616_004,atom_20260616_007,2026-06-16,x-post,6/15Claude料金変更の影響なし報告続出・対話型副業は変わらない,6/15後の料金変更の影響を心配しているClaude副業会社員,単発ツイート,6/15以降Claude副業の料金は変わっていない。少なくとも対話型で使っている自分には。,pending-approval,3
content_20260616_005,atom_20260616_001,2026-06-16,x-post,Fable 5停止の深層・AnthropicとUS政府の構造的対立,Fable 5停止の背景を知りたいClaude副業会社員,単発ツイート,Fable 5が3日で止まった本当の理由が今日出た。,pending-approval,3
content_20260616_006,atom_20260616_004,2026-06-16,x-post,Claude Code副業入門の全網羅チュートリアルが本日公開（366再生）,Claude Code副業を始めたいが何から手をつけていいか分からない会社員,単発ツイート,Claude Code副業を始めたいが何から手をつければいいか分からない人へ。今日これが公開された。,pending-approval,3
content_20260617_001,atom_20260617_006,2026-06-17,note-article,本業知識×Claude Codeで高単価AI副業コンサルを始めた話,本業専門知識を持っているのにAI副業への活かし方が分からない会社員,はじめに（本業知識が最強武器になる理由）;なぜ今「業界特化AI副業」が高単価なのか;通信・製造・医療 業界別の具体的な案件タイプ;Claude Codeと本業知識を掛け合わせる3つのステップ;今週やるべき1アクション,会社員を10年やって積み上げた知識は副業では無価値だと思っていた。Claude Codeを使い始めてそれが間違いだったと気づいた。,pending-approval,3
content_20260617_002,atom_20260617_003,2026-06-17,note-article,Claude CodeでAI秘書・経理・マーケの3役を組織化したら副業の作業がほぼゼロになった,Claude Codeを使いたいが何から始めればいいか分からない副業初心者,はじめに（AI組織化とは何か）;3種のAI社員の役割設計（秘書・経理・マーケ）;初心者でも再現できる設定手順;AI組織が稼働し始めてからの1週間;まとめ・最初の1人のAI社員を作る手順,Claude Codeを使って何かしたいと思っていたが何から始めればいいか分からなかった。AI秘書・経理・マーケAIを1人ずつ組織化する方法を知ってから副業の形が見えてきた。,pending-approval,3
content_20260617_003,atom_20260617_002,2026-06-17,note-article,Fable 5が7月に復活する確率57%。副業者が今週中に終わらせる準備リスト,Fable 5の復活を待っているが次の行動が見えていない副業会社員,はじめに（Kalshi市場の復活予測データ）;復活が遅れた場合のOpus 4.8代替プラン;復活した瞬間に使える副業タスクを今週設計する;7月の副業シナリオを2パターン用意する理由;まとめ・今週の動き方,7月1日前にFable 5が復活する確率が57%という市場予測が出た。待つだけか準備するかで来月の副業収益が変わる。,pending-approval,3
content_20260617_004,atom_20260617_001,2026-06-17,x-post,Claude Code v2.1.178でサブエージェントのモデル制御が可能になった,Claude Code副業でサブエージェントや自動化を使っている会社員,単発ツイート,Claude Codeがアップデートされた。副業で複数エージェントを動かしている人は見た方がいい。,pending-approval,3
content_20260617_005,atom_20260617_007,2026-06-17,x-post,Fable 5停止の技術的理由を現役エンジニアが本日解説（動画）,Fable 5停止の背景を知りたいClaude副業会社員,単発ツイート,Fable 5が停止した本当の理由を現役エンジニアが今日解説していた。,pending-approval,3
content_20260617_006,atom_20260617_004,2026-06-17,x-post,AI停止リスクに備えた副業設計・Fable 5事件から入門者が学ぶこと,AI副業を始めたい初心者の会社員,単発ツイート,Fable 5が止まっても副業が止まらない人の共通点がある。,pending-approval,3
content_20260618_001,atom_20260618_001,2026-06-18,note-article,Claude Design大型アップデートを副業に使う3つの方法【2026年6月最新】,Claude Codeや副業でデザイン案件に挑戦したい会社員,はじめに（大型アップデートで何が変わったか）;副業に使える3つのユースケース（バナー/LP/スライド）;Claude Code連携で何が便利になったか;実際の受注単価と受注方法;まとめ・今日から試せる1アクション,Claude Designが昨日アップデートされた。Claude Codeと双方向に連携するようになった。これが副業で何を意味するか全部書く。,pending-approval,3
content_20260618_002,atom_20260618_004,2026-06-18,note-article,AI副業で「1案件に数十人が応募」する時代が来た。今から稼ぐ人と埋もれる人の差,AI副業を始めているが成果が出ず焦りを感じている会社員,はじめに（買い手市場化の現実データ）;低単価案件で消耗する人の共通パターン;稼ぎ続けている人が必ずやっていること;本業知識×AIで差をつける具体的な3手順;今週やる1つのアクション,AI副業を始めた人の案件獲得が急に難しくなっている。1件の案件に数十人が応募する買い手市場が来た。稼ぐ人と埋もれる人の差はたった1つだ。,pending-approval,3
content_20260618_003,atom_20260618_002,2026-06-18,note-article,副業収入ゼロの会社員夫婦がAIだけで月5万円を目指す全記録から学べること,副業を始めたいが最初の一歩が踏み出せていない会社員・パートナーと一緒に副業を始めたい人,はじめに（このチャンネルがなぜ刺さるのか）;副業をゼロから始める上で参考にすべき3つの姿勢;失敗を全公開するリアル副業の価値;自分も同じように始める最初のステップ;まとめ,副業を始めようと思って半年動けていない人に見てほしいYouTubeチャンネルが今週始まった。普通の会社員夫婦がAIだけで月5万円を目指す全記録だ。,pending-approval,3
content_20260618_004,atom_20260618_001,2026-06-18,x-post,Claude Design 6/17大型アップデート・Claude Code連携で副業デザインが変わった,Claude Codeや副業でデザイン案件に関心がある会社員,単発ツイート,Claude Designが昨日大型アップデートされた。Claude Codeと双方向に連携するようになった。副業でデザインを使う人はこれを知らないと損する。,pending-approval,3
content_20260618_005,atom_20260618_004,2026-06-18,x-post,AI副業の現実。1案件に数十人が応募してくる買い手市場が来た,AI副業を始めているが成果が出ていない会社員,単発ツイート,AI副業で1件の案件に数十人が応募してくる時代が来た。AIを使うだけでは稼げなくなってきた現実がある。,pending-approval,3
content_20260618_006,atom_20260618_003,2026-06-18,x-post,AI音楽副業が始まった。1日10分でSNS収益化が現実になりつつある,副業に興味はあるが自分に合う種類が見つかっていない会社員,単発ツイート,AI音楽副業というジャンルが今日から動き始めた。1日10分でAIで音楽を作ってSNSで収益化する人が出てきた。,pending-approval,3
content_20260619_001,atom_20260619_002,2026-06-19,note-article,忙しい30代会社員がAI×YouTubeで副業月8万を達成した全記録,副業に興味はあるが仕事が忙しくて時間が取れないと感じている30代の会社員,はじめに;なぜAI×YouTubeが忙しい会社員に最適なのか;月8万達成までの全記録;実際の週スケジュールBefore/After;今日から動ける最初の1ステップ,副業する時間がない。そう言い続けた1年間があった。AI×YouTubeを始めた月から状況が変わった理由を全部書く。,pending-approval,3
content_20260619_002,atom_20260619_004,2026-06-19,note-article,2026年後半のAI副業で生き残る人の共通点は1つだった【通信業界会社員の実例】,AI副業を始めているが成果が出ず行き詰まりを感じている会社員,はじめに（コモディティ化の現実）;なぜAIだけでは稼げなくなるのか;本業知識×Claude Codeが高単価になる3つの理由;通信業界の具体例;今週やるべき1アクション,AIを使えば誰でも同じものが作れる時代が来た。だからこそ本業の経験がある人が一人勝ちする。私が通信業界10年の知識をClaude Codeと掛け合わせた理由を話す。,pending-approval,3
content_20260619_003,atom_20260619_001,2026-06-19,note-article,Claude Code・ChatGPT・Geminiを副業で使い比べた結論【月10万達成への使い分け法】,どのAIツールを副業に使えばいいか迷っている会社員,はじめに;3大AIの得意分野の違い（副業目線）;コーディング案件はClaude Code;記事執筆はChatGPT;長文処理はGemini;月10万最強スタックの結論;今日試せる1アクション,Claude Code・ChatGPT・Gemini、どれを副業に使えばいいか迷っている人へ。3つを実際に副業で使い比べた結論が今日出た。,pending-approval,3
content_20260619_004,atom_20260619_003,2026-06-19,x-post,Fable 5停止1週間・副業はOpus 4.8で完全代替済み,Fable 5停止を知っているが副業への影響を心配しているClaude副業会社員,単発ツイート,Fable 5が止まって1週間が経った。,pending-approval,3
content_20260619_005,atom_20260619_005,2026-06-19,x-post,「Claude Design想像以上にえぐい」がXでバズ・デザイン副業の新時代,Claude Codeや副業でデザイン案件に興味があるが参入を迷っている会社員,単発ツイート,「Claude Design想像以上にえぐい。」がXでバズってる。,pending-approval,3
content_20260619_006,atom_20260619_007,2026-06-19,x-post,3大AI副業使い分け2026・Claude Code×ChatGPT×Gemini結論,副業でどのAIを使えばいいか迷っている会社員,単発ツイート,Claude Code・ChatGPT・Gemini、副業ではどれを使えばいいか。今日実測した動画が結論を出した。,pending-approval,3
content_20260619_007,atom_20260619_006,2026-06-19,x-post,Claude Codeでnote量産月5万円の全ロードマップが公開,noteで副業したいが記事量産の方法が分からない会社員,単発ツイート,Claude Codeでnoteを月30本量産して月5万円を達成したロードマップが公開されていた。,pending-approval,3
content_20260619_008,atom_20260619_002,2026-06-19,x-post,忙しい30代会社員がAI×YouTube副業で月8万達成・今日動画公開,副業したいが時間がないと感じている会社員,単発ツイート,副業する時間がないと言い続けた30代が、AI×YouTubeで月8万円稼ぐようになった話が今日動画になった。,pending-approval,3
content_20260620_001,atom_20260620_003,2026-06-20,note-article,スマホ1台で副業のAIを動かせる時代が来た。Claude Code Remote Controlで通勤30分が稼働時間になった話,副業したいが平日の作業時間が取れない30〜40代の会社員,はじめに;Remote Controlとは何か;設定手順5分・操作3ステップ;通勤30分でできる副業指示パターン3選;注意点と最小構成;まとめ,副業のために夜2時間を確保しようとして3回挫折した。Claude Code Remote Controlを設定した翌日から通勤の電車でAIに指示を出して帰宅したら成果物ができていた。,pending-approval,3
content_20260620_002,atom_20260620_005,2026-06-20,note-article,AIコストを10分の1にして月$20で副業を回し続ける設計を全部書く【NotebookLM×Claude Code】,AI副業でツール費用が毎月膨らんでいることが気になっている会社員,はじめに;なぜAIコストが膨らむのか;NotebookLMとは何か;NotebookLM×Claude Codeの役割分担設計;MCP連携の設定手順;月$20内に収まった実際の数字;まとめ,副業でAIを使いまくっていたら月のツール費用が6000円を超えた。NotebookLMを知ってClaude Codeへの問い合わせが激減して今は月$20で全部回っている。その設計を全部書く。,pending-approval,3
content_20260620_003,atom_20260620_001,2026-06-20,note-article,Claude Code時代に副業で稼いでいる人が狙っている案件の取り方を全部書く,Claude Codeを使い始めているが案件獲得の方向性が定まらず稼ぎにつながっていない会社員,はじめに;2026年後半のAI副業案件マップ;今しかない狙い目の案件3選;案件取りに必要な「見せ方」の変え方;非エンジニアでも参入できる最短ルート;まとめ,Claudeで何でも作れるようになった。でも稼げていない。それは案件の取り方が2026年後半から変わったのに気づいていないからかもしれない。,pending-approval,3
content_20260620_004,atom_20260620_004,2026-06-20,x-post,Fable 5停止補償・AnthropicがProとMaxのレート制限を全リセット,Fable 5停止を知っているClaude副業会社員,単発ツイート,AnthropicがFable 5停止の補償を出した。Pro/Maxユーザーのレート制限が全リセットされた。,pending-approval,3
content_20260620_005,atom_20260620_006,2026-06-20,x-thread,Claude Code Skillsが副業完全自動化への入口になる理由,Claude Codeで副業の自動化を模索している会社員,スレッド（3枚）;Skills未設定と設定済みの作業量の違い;Skill.md設定の最小手順;完全自動化に至るロードマップ,Claude CodeのSkillsを設定している人とそうでない人で副業の作業量が根本的に違う。,pending-approval,3
content_20260620_006,atom_20260620_002,2026-06-20,x-post,Threads×Claude Codeで100万バズを達成した手順が今日公開,SNS副業・Threads運用代行を検討している会社員,単発ツイート,Threadsで100万バズを出した人が今日その手順を動画で公開していた。Claude Codeを使っていた。,pending-approval,3
content_20260620_007,atom_20260620_007,2026-06-20,x-post,副業の作業時間が半分になったAIツール5選・具体的な削減時間を全公開,副業の作業時間を削減したい会社員,単発ツイート,副業の作業時間が半分になったAIツール5選の具体的な削減時間が公開されていた。,pending-approval,3
content_20260621_001,atom_20260621_002,2026-06-21,note-article,Claude Code Hooksを設定したら副業成果物の品質が「祈り」から「保証」になった話,Claude Code副業を始めているが修正依頼が多く品質に自信が持てない会社員,はじめに（修正依頼が繰り返された理由）;Hooksとは何か（30種イベントを1分で理解する）;副業で今すぐ使えるHooksパターン4選;設定手順（今日15分でできること）;Hooks導入後の変化（Before/After）;まとめ・今日設定する1Hook,副業の成果物がまた修正依頼になった。Claudeを使い始めてから3回目だった。原因はClaudeへの「祈り」で品質管理していたことだった。Hooksを設定した翌日から修正依頼がゼロになった話を書く。,pending-approval,3
content_20260621_002,atom_20260621_004,2026-06-21,note-article,Claude月$20だけで副業を始めて最初の3万円が入金されるまでの全記録【ライティング・翻訳・SNS運用】,副業を始めたいがどこから手をつければいいか分からないAI初心者の会社員,はじめに（Claude副業がリスクゼロな理由）;月3万円を実現する3つの副業種の特徴と単価;最初の1件を受注するまでの具体的な手順;実際の作業時間と収益の現実;今週中にやること1つ;まとめ・月5万へのステップアップ,Claude月$20だけで副業を始めた。最初の1ヶ月で3万円が入金された。始め方は3種類だけで全部今日から動ける。プログラミングも特別なスキルも必要なかった。,pending-approval,3
content_20260621_003,atom_20260621_003,2026-06-21,note-article,AI副業で2026年後半を生き残る人は毎日「種を蒔き続けている人」だけだった,AI副業を始めているが3ヶ月以上経っても成果が出ず焦りを感じている会社員,はじめに（AI副業9割挫折のデータ）;即金狙いが失敗する構造;種蒔き型副業とは何か（毎日5分の行動設計）;1年後に差がつく人の共通点3選;継続の仕組みを作る副業設計;まとめ・今日蒔く最初の1粒の種,AI副業を始めて3ヶ月。1円も稼げていない。それは才能じゃない。やり方でもない。即金を狙っていたからだ。種を蒔くのをやめた瞬間に副業が詰んでいた。,pending-approval,3
content_20260621_004,atom_20260621_007,2026-06-21,x-post,X上バズ「AI副業で稼ぐ人と稼げない人の差は1つだけ」,AI副業を始めているが成果が出ず焦っている会社員,単発ツイート,AI副業で稼いでいる人と稼げない人の差は1つだった。,pending-approval,3
content_20260621_005,atom_20260621_001,2026-06-21,x-post,Fable 5復活交渉中・副業者が今週中に準備すべきこと,Fable 5停止に困惑しているClaude副業会社員,単発ツイート,Fable 5、まだ交渉中だ。AnthropicのシニアエンジニアがWashington DCで商務省と直接話し合っている。,pending-approval,3
content_20260621_006,atom_20260621_002,2026-06-21,x-post,Claude Code Hooks未設定の副業者は品質管理を祈りに頼っている,Claude Code副業で修正依頼に悩んでいる会社員,単発ツイート,Claude Codeで副業しているのにHooksを設定していない人は品質保証を「祈り」に頼っている。,pending-approval,3
content_20260621_007,atom_20260621_006,2026-06-21,x-post,4体Claude CodeエージェントがYouTubeを自律運営する副業自動化の現実,Claude Codeで副業の自動化を進めたい会社員,単発ツイート,4体のClaude CodeエージェントがYouTubeチャンネルを自律運営している実験動画を見た。,pending-approval,3
content_20260621_008,atom_20260621_003,2026-06-21,x-thread,「社員を雇わずAIで案件を回す」新副業スタイルと種蒔き戦略,AI副業の方向性を模索している会社員,スレッド（3枚）,「社員を雇わずAIで案件を回す」副業スタイルが出てきた。でも稼ぎ続ける人の共通点は「毎日の種蒔き」だった。,pending-approval,3
content_20260622_001,atom_20260622_001,2026-06-22,note-article,Fable 5が6/22に復活直前？停止10日目に起きた兆候と今すぐ確認すべき課金リスク,Fable 5停止を知っていて今後の副業設計に迷っているClaude Code副業の会社員,今日6/22に何が起きたか;rate-limitingエラーが意味すること;6/22は本来の無料期間終了日・課金リスクの現実;副業者が今日中に確認すべき3つのこと;Fable 5復活後に即使える副業タスク設計,「今朝Claude Codeを開いたら、Fable 5の名前がモデルセレクターに戻っていた」,pending-approval,3
content_20260622_002,atom_20260622_002,2026-06-22,note-article,AI3社が一致「稼げなくなった副業5選」と通信業界会社員が今から差をつける方法,AI副業を始めているが成果が出ず次の一手が見えていない会社員（専門知識を持つ人）,AI3社が稼げなくなった副業5選を同じように答えた事実;なぜAIだけでは月3万円が限界になるのか;本業知識×Claudeが月5〜20万円の高単価帯を独占する理由;通信業界会社員が今すぐ使える業界知識×AI副業3選;今週やるべき1アクション,「AI副業を半年やって月3万円を超えられなかった。原因はAIだけで稼ごうとしていたことだった」,pending-approval,3
content_20260622_003,atom_20260622_003,2026-06-22,note-article,Claude CodeでGmailの値下げ依頼を自動返信させたら副業案件の提案書になった話,副業に興味はあるが何を副業にすればいいか分からない会社員,値下げ依頼メールをClaudeに任せたら何が起きたか;なぜ日常業務のAI化がそのまま副業案件になるのか;会社員日常業務→副業案件変換パターン5選;Claude Code×Gmail自動化の設定手順;最初の副業案件を受注する最小ステップ,「値下げ依頼のメール返信に30分使っていた。Claude Codeに任せたら3分で終わった。その翌月に同じ作業で月3万円の副業案件を受注した」,pending-approval,3
content_20260622_004,atom_20260622_001,2026-06-22,x-post,Fable 5が今朝AndroidのモデルセレクターにGoneから戻ってきた話,Fable 5停止を知っているClaude副業会社員,単発ツイート,Fable 5が今朝、AndroidのモデルセレクターにGoneから戻ってきた。,pending-approval,3
content_20260622_005,atom_20260622_002,2026-06-22,x-post,AI3社が一致して答えた稼げなくなった副業5選,AI副業を始めているが成果が出ていない会社員,単発ツイート,ChatGPT・Claude・Geminiに「稼げなくなった副業」を聞いたら、3社とも同じ5つを答えた。,pending-approval,3
content_20260622_006,atom_20260622_004,2026-06-22,x-thread,AIだけで副業している人の月収が3万円に収束し始めている,AI副業を始めているが成果が伸び悩んでいる会社員,スレッド（3枚）,AIだけで副業している人が増えすぎた結果、全員の月収が3万円以下に収束し始めている。,pending-approval,3
content_20260622_007,atom_20260622_006,2026-06-22,x-post,Figmaゼロでも今日からLP制作副業に参入できる理由,副業でデザイン案件に参入したい会社員,単発ツイート,Figmaを1秒も触ったことがなくても、今日からLP制作を副業にできる。,pending-approval,3
content_20260622_008,atom_20260622_007,2026-06-22,x-post,Claude Codeが「考え中」の間に収益が入るプラグインが今日公開された,Claude Code副業ユーザー全般,単発ツイート,Claude Codeが「考え中」の間に収益が入るプラグインが今日公開された。,pending-approval,3
content_20260625_001,atom_20260625_001,2026-06-25,note-article,Claude Code v2.1.190のコードにFable 5の「兆し」を発見した。副業者が今週やること,Fable 5停止が続く中で次の行動が見えていない副業会社員,はじめに（v2.1.190に何が書いてあったか）;Fable 5の週次制限設定が意味すること;Kalshi市場の復活確率57%の根拠;副業者が今週中に完了させる準備リスト3選;復活直後に実行するプロンプト設計,Claude Code v2.1.190にアップデートしたらコードの中にFable 5の設定が書いてあった。これが意味することは1つだ。,pending-approval,3
content_20260625_002,atom_20260625_002,2026-06-25,note-article,AIだけで稼ごうとして月3万で止まった。本業×Claude Codeに切り替えたら月8万になった話,AI副業を始めているが成果が月3万円から伸びないと感じている会社員,はじめに（2極化データ）;AI活用だけが限界を迎える理由;本業知識とClaude Codeを掛け合わせる方法;通信業界を例にした具体的な案件設計3選;最初の1案件を受注するまでの最短ルート,AIを使えるようになった。でも副業の月収が3万円を超えられない。それは方向性の問題だった。,pending-approval,3
content_20260625_003,atom_20260625_006,2026-06-25,note-article,AI副業で稼ぐ人は情報を集めない。今日の会議メモをClaude Codeで整理するだけで副業が始まった話,AI副業に興味はあるが情報収集ばかりで動き出せていない会社員,はじめに（情報収集が稼げない理由）;稼いでいる人の行動パターン（実務AI化とは）;本業の日常業務を副業に転化する3パターン;今日の会議メモをClaude Codeで整理する最小アクション;1ヶ月後に副業の最初の1万円を手にする設計,半年間AI副業の情報を集め続けていた。でも1円も稼いでいない。気づいたのは稼いでいる人は情報を集めていないという事実だ。,pending-approval,3
content_20260625_004,atom_20260625_001,2026-06-25,x-post,Fable 5 v2.1.190コードに週次制限設定が確認・復活秒読み,Fable 5停止中で次の手が見えていないClaude副業会社員,単発ツイート,Claude Codeを今日アップデートしてほしい。v2.1.190のコードにFable 5の週次制限設定が書いてあった。,pending-approval,3
content_20260625_005,atom_20260625_005,2026-06-25,x-post,副業月10万達成者のAIツール構成はClaude Code+ChatGPT+Gemini使い分けに収束,どのAIツールを副業に使えばいいか迷っている会社員,単発ツイート,副業で月10万稼いでいる人のAIツール構成はみんなこれだった。,pending-approval,3
content_20260625_006,atom_20260625_003,2026-06-25,x-post,Claude Code vs Cursor副業2026年最新実測・今日出た結論,副業でCursorとClaude Codeのどちらを使うか迷っている会社員,単発ツイート,Claude CodeとCursorを副業で使い比べた2026年6月最新の結論が今日出た。,pending-approval,3
content_20260701_001,atom_20260701_001,2026-07-01,note-article,Fable 5が今日復活した。副業者が7月7日までにやるべき3つのこと,Fable 5停止中で様子見を続けていたClaude Code副業の会社員,はじめに（今日何が起きたか）;Fable 5停止の19日間で何が変わったか;7月7日まで無料で試せる副業タスク3選;7月8日の本人確認制度と日本の副業者への影響;今週中にやること1つ,今朝Claudeを開いたらFable 5が戻っていた。6月12日に突然消えてから19日間。米商務省が輸出規制を解除した。7月7日まで週次制限の50%まで無料で使える。副業で試す時間は7日間だ。,pending-approval,3
content_20260701_002,atom_20260701_002,2026-07-01,note-article,7月8日、Fable 5が日本で使えなくなるかもしれない。副業者が今週準備すること,Fable 5復活に安堵しているが次の停止リスクへの備えができていない副業会社員,はじめに（7/1復活の喜びの裏にある現実）;7/8に何が起きるか（Persona社の本人確認制度）;日本の副業者がFable 5を使えなくなるシナリオ;代替モデル（Opus 4.8）で副業を継続する具体的な設計;1ツール依存から脱出するAIリスク管理の3原則,Fable 5が戻ってきた。でも7日後の7月8日に、また使えなくなるかもしれない。今度は規制ではなく「本人確認制度」だ。日本人の副業者は今週中に備えを完了させる必要がある。,pending-approval,3
content_20260701_003,atom_20260701_003,2026-07-01,note-article,通信業界の会社員が本業知識をClaude Codeと掛け合わせたら月10万円の副業になった話,Claude Codeで副業を始めたが単価が上がらず月3〜5万の壁を感じている会社員,はじめに（なぜAIだけでは稼げなくなっているのか）;2026年後半に稼げる人・稼げない人の分岐点;本業知識×Claude Codeの具体的な3つの掛け算パターン;通信業界・製造業・営業職が今すぐできる副業設計;最初の1案件を月10万単価で取るための今週のアクション,AIを使えば誰でも稼げる時代が終わりかけている。月3〜5万で止まっている人の共通点は「AIだけ」で戦っていることだ。2026年後半から稼ぐのは「本業知識×Claude Code」を持つ人だけになる。,pending-approval,3
content_20260701_004,atom_20260701_001,2026-07-01,x-post,今朝Claudeを開いたらFable 5が戻っていた,Fable 5停止を知っているClaude副業会社員,単発ツイート,今朝Claudeを開いたらFable 5が戻っていた。,pending-approval,3
content_20260701_005,atom_20260701_002,2026-07-01,x-thread,Fable 5復活したが7日後にまた使えなくなるかもしれない話,Claude副業でFable 5を使っている会社員,スレッド（3枚）,Fable 5が復活した。でも7日後にまた使えなくなるかもしれない。,pending-approval,3
content_20260701_006,atom_20260701_004,2026-07-01,x-post,Fable 5復活。停止中に設計したプロンプトをすぐ動かせる人が先行者利益を取る,Fable 5を使っていたClaude Code副業会社員,単発ツイート,Fable 5が戻った。停止中に設計したプロンプトをすぐ動かせる人が先行者利益を取る。,pending-approval,3
content_20260701_007,atom_20260701_007,2026-07-01,x-post,Fable 5復活の瞬間にGPT-5.6が追随。モデル競争が再燃している,複数のAIツールを副業に使っている会社員,単発ツイート,Fable 5が復活した瞬間にGPT-5.6が追随した。モデル競争が再燃している。,pending-approval,3
content_20260701_008,atom_20260701_003,2026-07-01,x-post,AIだけで稼ごうとしている人が月5万で止まる理由,AI副業の単価が上がらないと感じている会社員,単発ツイート,AIだけで稼ごうとしている人が月5万で止まる。理由は1つだ。,pending-approval,3
content_20260702_001,atom_20260702_001,2026-07-02,note-article,Claude Sonnet 5がデフォルトになった日。副業コストが激変した話と今週やること,Claude Codeで副業しているが料金設計を深く考えたことがない会社員,はじめに;6月30日に何が変わったか;副業者にとって何が嬉しいのか（コスト比較）;Sonnet 5・Fable 5・Opus 4.8の使い分け最適解;7月8日以降の副業スタック設計;今週やること1つ,昨日まで月$20で動かしていた副業の自動化コストが、今日から実質半分以下になった。Claude Codeのデフォルトモデルが変わった話と、今週中に再設計すべきスタックを全部書く。,pending-approval,3
content_20260702_002,atom_20260702_002,2026-07-02,note-article,Fable 5が7月7日に消える。副業者が今週中に判断すべき1つのこと,Fable 5の7/7無料終了を前に使い続けるか判断できていないClaude副業の会社員,はじめに;7月7日23:59が期限の意味;7月8日から何が変わるのか（従量課金の実額）;副業月収別の試算（5万・10万・30万円）;使い分け表;今日中に決める1つの判断軸,Fable 5の無料期間は今週7月7日で終わる。8日以降は従量課金だ。副業月収5万円の私にとって、Fable 5に追加でお金を払う価値があるかどうかを今日計算した。結論を書く。,pending-approval,3
content_20260702_003,atom_20260702_005,2026-07-02,note-article,AIだけで稼げた時代が終わった。通信業界の会社員がClaude Codeと掛け合わせた本業知識の話,AI副業を始めて数ヶ月経つが月3〜5万の壁を超えられず原因が分からない会社員,はじめに;AI副業コモディティ化が本格的に始まった;月5万円で止まっている人の共通点;本業知識×Claude Codeで高単価になる3つの仕組み;通信業界・営業・事務職の副業設計具体例;今週始める最初の1案件の取り方,Claude Sonnet 5がOpus並みの性能を激安で提供し始めた。でも同時に「誰でも同じ品質のアウトプットが出せる時代」が来た。AIだけで差をつけていた人は、今週から同じ土俵に立たされた。,pending-approval,3
content_20260702_004,atom_20260702_001,2026-07-02,x-post,Claude Codeの副業コストが今日から変わっている,Claude Codeで副業しているが最新情報を追えていない会社員,単発ツイート,Claude Codeの副業コストが今日から変わっている。知らない人は損してる。,pending-approval,3
content_20260702_005,atom_20260702_002,2026-07-02,x-post,Fable 5無料期限は7月7日まで・副業者が今日やること,Fable 5を使っているClaude副業会社員,単発ツイート,Fable 5が無料で使えるのは今週7月7日まで。副業者が今日やるべき1つのこと。,pending-approval,3
content_20260702_006,atom_20260702_004,2026-07-02,x-post,副業にClaude Codeは必要か？その前に確認すべきこと,AI副業を始めようとして何を使えばいいか迷っている会社員,単発ツイート,副業にClaude Codeは必要か？その前に確認すべきことがある。,pending-approval,3
content_20260702_007,atom_20260702_005,2026-07-02,x-thread,AIだけで月3万が限界になってきた理由と突破の1手,AI副業の月収が3〜5万円で止まっている会社員,スレッド（3枚）,AIだけで月3万が限界になってきた。月10万に行く人との違いは1つだ。,pending-approval,3
content_20260702_008,atom_20260702_007,2026-07-02,x-post,今週の副業AIスタック・Sonnet 5とFable 5の使い分け,Claude Code副業でモデル選択に悩んでいる会社員,単発ツイート,今週の副業AIスタックを決めた。Sonnet 5とFable 5の使い分けだ。,pending-approval,3
